GEOID,location,vulnerability,theme1,theme2,theme3,theme4
06085500100,Census Tract 5001; Santa Clara County; California,0.4794,0.3406,0.3715,0.7303,0.6463
06085500200,Census Tract 5002; Santa Clara County; California,0.2488,0.2691,0.0137,0.5918,0.7279
06085500300,Census Tract 5003; Santa Clara County; California,0.5354,0.4625,0.1555,0.4324,0.9003
06085500400,Census Tract 5004; Santa Clara County; California,0.2181,0.1273,0.0497,0.5329,0.6665
06085500500,Census Tract 5005; Santa Clara County; California,0.1892,0.223,0.0498,0.2338,0.5314
06085500600,Census Tract 5006; Santa Clara County; California,0.5992,0.4223,0.4623,0.5223,0.8794
06085500800,Census Tract 5008; Santa Clara County; California,0.5236,0.3022,0.1836,0.4586,0.9674
06085500901,Census Tract 5009.01; Santa Clara County; California,0.5463,0.6312,0.024,0.6011,0.9249
06085500902,Census Tract 5009.02; Santa Clara County; California,0.7633,0.9759,0.0262,0.6855,0.9346
06085501000,Census Tract 5010; Santa Clara County; California,0.7956,0.707,0.5635,0.6445,0.9193
06085501101,Census Tract 5011.01; Santa Clara County; California,0.5785,0.3356,0.4679,0.5959,0.8984
06085501102,Census Tract 5011.02; Santa Clara County; California,0.328,0.3195,0.3631,0.6215,0.271
06085501200,Census Tract 5012; Santa Clara County; California,0.391,0.5232,0.1558,0.512,0.3766
06085501300,Census Tract 5013; Santa Clara County; California,0.5383,0.6263,0.144,0.4595,0.7104
06085501401,Census Tract 5014.01; Santa Clara County; California,0.9,0.6723,0.9316,0.7772,0.9459
06085501402,Census Tract 5014.02; Santa Clara County; California,0.6816,0.555,0.8957,0.5592,0.5847
06085501501,Census Tract 5015.01; Santa Clara County; California,0.8971,0.8039,0.8205,0.8513,0.8841
06085501502,Census Tract 5015.02; Santa Clara County; California,0.7888,0.596,0.7597,0.6801,0.9142
06085501601,Census Tract 5016.01; Santa Clara County; California,0.4613,0.4374,0.0257,0.5824,0.9401
06085501602,Census Tract 5016.02; Santa Clara County; California,0.7451,0.9282,0.043,0.6284,0.936
06085501700,Census Tract 5017; Santa Clara County; California,0.7475,0.5963,0.8103,0.7641,0.7559
06085501800,Census Tract 5018; Santa Clara County; California,0.3789,0.3189,0.3574,0.4579,0.4932
06085501901,Census Tract 5019.01; Santa Clara County; California,0.2697,0.1388,0.1012,0.5375,0.6674
06085501902,Census Tract 5019.02; Santa Clara County; California,0.1448,0.1787,0.0163,0.5892,0.4852
06085502001,Census Tract 5020.01; Santa Clara County; California,0.3572,0.192,0.5262,0.4643,0.5002
06085502002,Census Tract 5020.02; Santa Clara County; California,0.6217,0.4914,0.3496,0.5969,0.8886
06085502101,Census Tract 5021.01; Santa Clara County; California,0.4685,0.23,0.4028,0.3804,0.8616
06085502103,Census Tract 5021.03; Santa Clara County; California,0.6735,0.6101,0.6086,0.5505,0.7322
06085502104,Census Tract 5021.04; Santa Clara County; California,0.4529,0.4494,0.2483,0.5329,0.5777
06085502202,Census Tract 5022.02; Santa Clara County; California,0.45,0.2457,0.3849,0.2898,0.8438
06085502203,Census Tract 5022.03; Santa Clara County; California,0.3948,0.2834,0.1182,0.4773,0.8072
06085502204,Census Tract 5022.04; Santa Clara County; California,0.8086,0.8012,0.9074,0.4882,0.6455
06085502301,Census Tract 5023.01; Santa Clara County; California,0.2231,0.1338,0.2785,0.2706,0.4401
06085502302,Census Tract 5023.02; Santa Clara County; California,0.2704,0.1983,0.478,0.3918,0.2858
06085502400,Census Tract 5024; Santa Clara County; California,0.1716,0.0997,0.1571,0.1595,0.4942
06085502500,Census Tract 5025; Santa Clara County; California,0.1288,0.1113,0.1912,0.2723,0.2371
06085502601,Census Tract 5026.01; Santa Clara County; California,0.4686,0.2613,0.9257,0.2714,0.4425
06085502603,Census Tract 5026.03; Santa Clara County; California,0.1956,0.1963,0.2109,0.2173,0.3286
06085502604,Census Tract 5026.04; Santa Clara County; California,0.1965,0.0659,0.091,0.2843,0.6961
06085502701,Census Tract 5027.01; Santa Clara County; California,0.3816,0.3476,0.3927,0.423,0.4512
06085502703,Census Tract 5027.03; Santa Clara County; California,0.2502,0.1126,0.2674,0.4562,0.4972
06085502704,Census Tract 5027.04; Santa Clara County; California,0.1198,0.0139,0.1247,0.4347,0.4523
06085502800,Census Tract 5028; Santa Clara County; California,0.1025,0.1204,0.1656,0.3944,0.1427
06085502901,Census Tract 5029.01; Santa Clara County; California,0.2907,0.2035,0.2285,0.3303,0.5628
06085502902,Census Tract 5029.02; Santa Clara County; California,0.1588,0.045,0.3844,0.2201,0.346
06085502903,Census Tract 5029.03; Santa Clara County; California,0.0845,0.1045,0.4125,0.2444,0.0574
06085502906,Census Tract 5029.06; Santa Clara County; California,0.1763,0.1748,0.1727,0.3413,0.292
06085502907,Census Tract 5029.07; Santa Clara County; California,0.0867,0.1511,0.1866,0.3126,0.0852
06085502908,Census Tract 5029.08; Santa Clara County; California,0.336,0.3944,0.2453,0.3307,0.3965
06085502909,Census Tract 5029.09; Santa Clara County; California,0.2836,0.2973,0.4465,0.4499,0.2024
06085502910,Census Tract 5029.10; Santa Clara County; California,0.3325,0.1852,0.4565,0.4246,0.4989
06085503001,Census Tract 5030.01; Santa Clara County; California,0.0992,0.0202,0.6567,0.2037,0.1001
06085503002,Census Tract 5030.02; Santa Clara County; California,0.317,0.06,0.5723,0.3582,0.6217
06085503003,Census Tract 5030.03; Santa Clara County; California,0.0858,0.1754,0.1892,0.2541,0.0772
06085503105,Census Tract 5031.05; Santa Clara County; California,0.8664,0.6371,0.923,0.9064,0.8826
06085503110,Census Tract 5031.10; Santa Clara County; California,0.8779,0.785,0.8202,0.9372,0.8262
06085503111,Census Tract 5031.11; Santa Clara County; California,0.4629,0.3358,0.6428,0.9177,0.3222
06085503112,Census Tract 5031.12; Santa Clara County; California,0.8704,0.8357,0.5515,0.7931,0.9257
06085503113,Census Tract 5031.13; Santa Clara County; California,0.7692,0.7483,0.51,0.7229,0.8202
06085503116,Census Tract 5031.16; Santa Clara County; California,0.7614,0.5925,0.9037,0.5659,0.7808
06085503117,Census Tract 5031.17; Santa Clara County; California,0.8402,0.7611,0.9731,0.9382,0.5189
06085503118,Census Tract 5031.18; Santa Clara County; California,0.6058,0.7119,0.3612,0.7931,0.4455
06085503121,Census Tract 5031.21; Santa Clara County; California,0.9765,0.7392,0.9604,0.837,0.9978
06085503122,Census Tract 5031.22; Santa Clara County; California,0.9684,0.7304,0.9683,0.9218,0.9874
06085503123,Census Tract 5031.23; Santa Clara County; California,0.9585,0.6567,0.9678,0.6788,0.9982
06085503124,Census Tract 5031.24; Santa Clara County; California,0.7108,0.5387,0.7111,0.7346,0.8125
06085503125,Census Tract 5031.25; Santa Clara County; California,0.0897,0.0606,0.0768,0.4515,0.2629
06085503126,Census Tract 5031.26; Santa Clara County; California,0.5179,0.3689,0.5969,0.7412,0.551
06085503127,Census Tract 5031.27; Santa Clara County; California,0.236,0.0861,0.254,0.6033,0.4514
06085503207,Census Tract 5032.07; Santa Clara County; California,0.6002,0.4866,0.9345,0.8578,0.2732
06085503208,Census Tract 5032.08; Santa Clara County; California,0.4056,0.4225,0.4576,0.9218,0.189
06085503210,Census Tract 5032.10; Santa Clara County; California,0.4012,0.3556,0.3943,0.8954,0.3066
06085503211,Census Tract 5032.11; Santa Clara County; California,0.5085,0.3906,0.9103,0.7717,0.2119
06085503212,Census Tract 5032.12; Santa Clara County; California,0.5844,0.4815,0.6698,0.9025,0.4755
06085503213,Census Tract 5032.13; Santa Clara County; California,0.8597,0.6853,0.8474,0.9218,0.873
06085503217,Census Tract 5032.17; Santa Clara County; California,0.6319,0.608,0.8088,0.9638,0.2775
06085503218,Census Tract 5032.18; Santa Clara County; California,0.9138,0.9429,0.6736,0.9177,0.8263
06085503219,Census Tract 5032.19; Santa Clara County; California,0.8539,0.8201,0.5264,0.9638,0.8767
06085503220,Census Tract 5032.20; Santa Clara County; California,0.7015,0.6361,0.8847,0.8864,0.407
06085503221,Census Tract 5032.21; Santa Clara County; California,0.9341,0.6965,0.9464,0.92,0.9593
06085503222,Census Tract 5032.22; Santa Clara County; California,0.8702,0.6146,0.6874,0.9811,0.9832
06085503304,Census Tract 5033.04; Santa Clara County; California,0.9007,0.4775,0.9769,0.8774,0.9879
06085503305,Census Tract 5033.05; Santa Clara County; California,0.9385,0.7774,0.8476,0.947,0.9658
06085503306,Census Tract 5033.06; Santa Clara County; California,0.6895,0.5065,0.5609,0.9382,0.8126
06085503312,Census Tract 5033.12; Santa Clara County; California,0.2434,0.204,0.5225,0.6011,0.1388
06085503313,Census Tract 5033.13; Santa Clara County; California,0.1425,0.258,0.3236,0.7274,0.0191
06085503315,Census Tract 5033.15; Santa Clara County; California,0.6771,0.3764,0.6186,0.879,0.9078
06085503321,Census Tract 5033.21; Santa Clara County; California,0.3886,0.1571,0.6955,0.8864,0.3494
06085503322,Census Tract 5033.22; Santa Clara County; California,0.6259,0.5035,0.7155,0.8176,0.5646
06085503323,Census Tract 5033.23; Santa Clara County; California,0.5072,0.3574,0.6369,0.8065,0.4782
06085503324,Census Tract 5033.24; Santa Clara County; California,0.2699,0.2556,0.5446,0.795,0.0936
06085503325,Census Tract 5033.25; Santa Clara County; California,0.3439,0.3607,0.4033,0.8513,0.1761
06085503326,Census Tract 5033.26; Santa Clara County; California,0.17,0.2798,0.245,0.7507,0.0523
06085503327,Census Tract 5033.27; Santa Clara County; California,0.5851,0.2803,0.7797,0.8065,0.7358
06085503329,Census Tract 5033.29; Santa Clara County; California,0.1015,0.0087,0.2024,0.752,0.2038
06085503330,Census Tract 5033.30; Santa Clara County; California,0.0836,0.01,0.1843,0.8666,0.1363
06085503331,Census Tract 5033.31; Santa Clara County; California,0.2335,0.1433,0.4337,0.5355,0.2407
06085503332,Census Tract 5033.32; Santa Clara County; California,0.066,0.1723,0.2865,0.299,0.0202
06085503333,Census Tract 5033.33; Santa Clara County; California,0.2498,0.3841,0.1775,0.7244,0.1244
06085503336,Census Tract 5033.36; Santa Clara County; California,0.4985,0.3049,0.5848,0.8954,0.5287
06085503337,Census Tract 5033.37; Santa Clara County; California,0.5991,0.4075,0.4866,0.8922,0.7693
06085503338,Census Tract 5033.38; Santa Clara County; California,0.0429,0.0753,0.2318,0.6614,0.0114
06085503339,Census Tract 5033.39; Santa Clara County; California,0.0658,0.0246,0.3067,0.7001,0.0538
06085503401,Census Tract 5034.01; Santa Clara County; California,0.6871,0.6835,0.5668,0.9638,0.5161
06085503402,Census Tract 5034.02; Santa Clara County; California,0.9914,0.9095,0.9885,0.8484,0.9749
06085503504,Census Tract 5035.04; Santa Clara County; California,0.3832,0.4311,0.337,0.9885,0.1796
06085503506,Census Tract 5035.06; Santa Clara County; California,0.7455,0.564,0.7386,0.927,0.7925
06085503507,Census Tract 5035.07; Santa Clara County; California,0.6575,0.5507,0.8486,0.9885,0.3979
06085503508,Census Tract 5035.08; Santa Clara County; California,0.6673,0.5692,0.8753,0.9025,0.4053
06085503509,Census Tract 5035.09; Santa Clara County; California,0.431,0.4418,0.7371,0.8864,0.1081
06085503510,Census Tract 5035.10; Santa Clara County; California,0.7376,0.5886,0.5815,0.8176,0.8624
06085503511,Census Tract 5035.11; Santa Clara County; California,0.5124,0.57,0.5884,0.9116,0.1896
06085503601,Census Tract 5036.01; Santa Clara County; California,0.7253,0.6492,0.4794,0.6819,0.8575
06085503602,Census Tract 5036.02; Santa Clara County; California,0.9242,0.7072,0.8795,0.8922,0.9718
06085503703,Census Tract 5037.03; Santa Clara County; California,0.7462,0.6528,0.7728,0.9934,0.6029
06085503707,Census Tract 5037.07; Santa Clara County; California,0.8059,0.579,0.8106,0.9545,0.8713
06085503708,Census Tract 5037.08; Santa Clara County; California,0.7012,0.6063,0.6552,0.9218,0.6477
06085503709,Census Tract 5037.09; Santa Clara County; California,0.9713,0.8246,0.9629,0.9086,0.9677
06085503710,Census Tract 5037.10; Santa Clara County; California,0.9101,0.5448,0.9983,0.9011,0.8933
06085503711,Census Tract 5037.11; Santa Clara County; California,0.7178,0.6728,0.7317,0.9404,0.5297
06085503712,Census Tract 5037.12; Santa Clara County; California,0.9091,0.7076,0.9146,0.8513,0.9395
06085503713,Census Tract 5037.13; Santa Clara County; California,0.7795,0.71,0.76,0.9237,0.6634
06085503802,Census Tract 5038.02; Santa Clara County; California,0.466,0.2137,0.5319,0.827,0.6295
06085503803,Census Tract 5038.03; Santa Clara County; California,0.6822,0.6397,0.9396,0.8467,0.2728
06085503804,Census Tract 5038.04; Santa Clara County; California,0.8046,0.7332,0.6233,0.7593,0.8537
06085503902,Census Tract 5039.02; Santa Clara County; California,0.6372,0.5634,0.7256,0.8129,0.4936
06085503903,Census Tract 5039.03; Santa Clara County; California,0.6137,0.5374,0.708,0.752,0.5087
06085504001,Census Tract 5040.01; Santa Clara County; California,0.7098,0.6919,0.511,0.879,0.6677
06085504002,Census Tract 5040.02; Santa Clara County; California,0.7278,0.5816,0.6719,0.92,0.7645
06085504101,Census Tract 5041.01; Santa Clara County; California,0.7457,0.7564,0.5718,0.7788,0.6779
06085504102,Census Tract 5041.02; Santa Clara County; California,0.7743,0.7294,0.8064,0.8597,0.593
06085504201,Census Tract 5042.01; Santa Clara County; California,0.1808,0.0643,0.0597,0.5262,0.6281
06085504202,Census Tract 5042.02; Santa Clara County; California,0.1718,0.1553,0.339,0.4956,0.1525
06085504307,Census Tract 5043.07; Santa Clara County; California,0.5162,0.4251,0.5513,0.8239,0.4569
06085504308,Census Tract 5043.08; Santa Clara County; California,0.3239,0.3664,0.4273,0.6312,0.1749
06085504311,Census Tract 5043.11; Santa Clara County; California,0.1392,0.2386,0.0372,0.827,0.1771
06085504314,Census Tract 5043.14; Santa Clara County; California,0.1305,0.1865,0.121,0.8129,0.0882
06085504315,Census Tract 5043.15; Santa Clara County; California,0.0916,0.0773,0.2046,0.78,0.0657
06085504316,Census Tract 5043.16; Santa Clara County; California,0.2809,0.2004,0.2776,0.8721,0.2753
06085504317,Census Tract 5043.17; Santa Clara County; California,0.3169,0.0879,0.3771,0.822,0.517
06085504318,Census Tract 5043.18; Santa Clara County; California,0.6107,0.4097,0.327,0.8513,0.8919
06085504319,Census Tract 5043.19; Santa Clara County; California,0.3175,0.1866,0.2535,0.8645,0.4242
06085504320,Census Tract 5043.20; Santa Clara County; California,0.4273,0.3783,0.6226,0.7484,0.2482
06085504321,Census Tract 5043.21; Santa Clara County; California,0.3854,0.2972,0.3087,0.8176,0.4397
06085504322,Census Tract 5043.22; Santa Clara County; California,0.2735,0.2015,0.223,0.8255,0.3094
06085504323,Census Tract 5043.23; Santa Clara County; California,0.494,0.3618,0.3456,0.7561,0.6767
06085504410,Census Tract 5044.10; Santa Clara County; California,0.5278,0.4308,0.5279,0.7717,0.531
06085504411,Census Tract 5044.11; Santa Clara County; California,0.3742,0.4262,0.2613,0.7171,0.2921
06085504412,Census Tract 5044.12; Santa Clara County; California,0.3756,0.3294,0.3053,0.8499,0.3445
06085504413,Census Tract 5044.13; Santa Clara County; California,0.4919,0.381,0.5625,0.8383,0.4352
06085504414,Census Tract 5044.14; Santa Clara County; California,0.2271,0.1858,0.436,0.795,0.1166
06085504415,Census Tract 5044.15; Santa Clara County; California,0.223,0.1509,0.4201,0.7346,0.1627
06085504416,Census Tract 5044.16; Santa Clara County; California,0.1665,0.1018,0.2223,0.6458,0.2208
06085504418,Census Tract 5044.18; Santa Clara County; California,0.6416,0.4302,0.8522,0.8748,0.5769
06085504421,Census Tract 5044.21; Santa Clara County; California,0.3004,0.277,0.5092,0.7737,0.1447
06085504422,Census Tract 5044.22; Santa Clara County; California,0.6103,0.3972,0.6937,0.8691,0.6868
06085504423,Census Tract 5044.23; Santa Clara County; California,0.2462,0.1427,0.7776,0.5753,0.1018
06085504424,Census Tract 5044.24; Santa Clara County; California,0.3246,0.1333,0.527,0.7737,0.3601
06085504505,Census Tract 5045.05; Santa Clara County; California,0.2259,0.1558,0.0386,0.8383,0.5547
06085504506,Census Tract 5045.06; Santa Clara County; California,0.3738,0.1345,0.0964,0.8535,0.847
06085504507,Census Tract 5045.07; Santa Clara County; California,0.4654,0.2659,0.639,0.7788,0.4893
06085504508,Census Tract 5045.08; Santa Clara County; California,0.2077,0.1905,0.0699,0.6934,0.3816
06085504509,Census Tract 5045.09; Santa Clara County; California,0.0847,0.0378,0.0098,0.916,0.4636
06085504510,Census Tract 5045.10; Santa Clara County; California,0.3514,0.1424,0.1522,0.9025,0.6937
06085504601,Census Tract 5046.01; Santa Clara County; California,0.5205,0.5433,0.4581,0.6044,0.4493
06085504602,Census Tract 5046.02; Santa Clara County; California,0.5127,0.4458,0.2468,0.7669,0.6748
06085504700,Census Tract 5047; Santa Clara County; California,0.1857,0.1319,0.065,0.3984,0.5505
06085504802,Census Tract 5048.02; Santa Clara County; California,0.558,0.2275,0.5007,0.6335,0.9313
06085504805,Census Tract 5048.05; Santa Clara County; California,0.359,0.3346,0.1168,0.4976,0.6279
06085504806,Census Tract 5048.06; Santa Clara County; California,0.4571,0.3449,0.5612,0.6326,0.4647
06085504807,Census Tract 5048.07; Santa Clara County; California,0.1419,0.0694,0.0201,0.6934,0.5999
06085504808,Census Tract 5048.08; Santa Clara County; California,0.4753,0.0963,0.4142,0.7535,0.9162
06085504902,Census Tract 5049.02; Santa Clara County; California,0.3487,0.1842,0.0963,0.7124,0.7706
06085504903,Census Tract 5049.03; Santa Clara County; California,0.1653,0.2118,0.0351,0.6691,0.3576
06085505006,Census Tract 5050.06; Santa Clara County; California,0.0903,0.033,0.0096,0.7147,0.5828
06085505007,Census Tract 5050.07; Santa Clara County; California,0.5241,0.5149,0.6747,0.6215,0.343
06085505010,Census Tract 5050.10; Santa Clara County; California,0.3739,0.3018,0.1336,0.6881,0.6183
06085505011,Census Tract 5050.11; Santa Clara County; California,0.0892,0.0654,0.031,0.5918,0.3524
06085505012,Census Tract 5050.12; Santa Clara County; California,0.0236,0.0017,0.0039,0.5421,0.4949
06085505013,Census Tract 5050.13; Santa Clara County; California,0.0997,0.029,0.0081,0.7026,0.6584
06085505014,Census Tract 5050.14; Santa Clara County; California,0.3113,0.1728,0.0736,0.6969,0.7293
06085505015,Census Tract 5050.15; Santa Clara County; California,0.3194,0.151,0.0566,0.6669,0.831
06085505100,Census Tract 5051; Santa Clara County; California,0.6543,0.517,0.4022,0.6847,0.8783
06085505202,Census Tract 5052.02; Santa Clara County; California,0.4162,0.3335,0.1106,0.5843,0.7691
06085505203,Census Tract 5052.03; Santa Clara County; California,0.3569,0.4137,0.0042,0.364,0.958
06085505301,Census Tract 5053.01; Santa Clara County; California,0.2131,0.1102,0.0636,0.5907,0.6008
06085505302,Census Tract 5053.02; Santa Clara County; California,0.2267,0.1457,0.0931,0.5187,0.5363
06085505303,Census Tract 5053.03; Santa Clara County; California,0.3025,0.2896,0.2179,0.6747,0.3339
06085505304,Census Tract 5053.04; Santa Clara County; California,0.1926,0.2837,0.2775,0.5892,0.0922
06085505305,Census Tract 5053.05; Santa Clara County; California,0.1178,0.0845,0.0629,0.4931,0.3475
06085505401,Census Tract 5054.01; Santa Clara County; California,0.2499,0.2064,0.063,0.6102,0.5494
06085505402,Census Tract 5054.02; Santa Clara County; California,0.3528,0.2207,0.4088,0.6215,0.4594
06085505403,Census Tract 5054.03; Santa Clara County; California,0.2837,0.1124,0.0728,0.6415,0.7752
06085505500,Census Tract 5055; Santa Clara County; California,0.2066,0.2189,0.2137,0.5031,0.222
06085505600,Census Tract 5056; Santa Clara County; California,0.4107,0.3886,0.0531,0.3057,0.8847
06085505700,Census Tract 5057; Santa Clara County; California,0.2301,0.3721,0.009,0.423,0.6432
06085505800,Census Tract 5058; Santa Clara County; California,0.0792,0.1629,0.0398,0.3413,0.2109
06085505901,Census Tract 5059.01; Santa Clara County; California,0.1692,0.1392,0.0593,0.308,0.5371
06085505902,Census Tract 5059.02; Santa Clara County; California,0.5861,0.3663,0.6935,0.3307,0.851
06085506000,Census Tract 5060; Santa Clara County; California,0.1643,0.0896,0.1665,0.4339,0.3631
06085506101,Census Tract 5061.01; Santa Clara County; California,0.1875,0.1025,0.2989,0.4515,0.293
06085506102,Census Tract 5061.02; Santa Clara County; California,0.1358,0.0143,0.189,0.4866,0.4087
06085506103,Census Tract 5061.03; Santa Clara County; California,0.3216,0.0383,0.5598,0.6445,0.5789
06085506202,Census Tract 5062.02; Santa Clara County; California,0.3593,0.1306,0.5869,0.5496,0.5263
06085506203,Census Tract 5062.03; Santa Clara County; California,0.3168,0.2775,0.1923,0.7188,0.3965
06085506204,Census Tract 5062.04; Santa Clara County; California,0.1217,0.0596,0.3044,0.6464,0.1282
06085506301,Census Tract 5063.01; Santa Clara County; California,0.4045,0.2122,0.1249,0.4691,0.8943
06085506302,Census Tract 5063.02; Santa Clara County; California,0.1256,0.1993,0.0643,0.3753,0.2395
06085506304,Census Tract 5063.04; Santa Clara County; California,0.4434,0.3966,0.2893,0.6215,0.5579
06085506305,Census Tract 5063.05; Santa Clara County; California,0.5999,0.6139,0.3689,0.5724,0.6702
06085506401,Census Tract 5064.01; Santa Clara County; California,0.5463,0.2131,0.3819,0.4715,0.9783
06085506402,Census Tract 5064.02; Santa Clara County; California,0.732,0.416,0.7994,0.412,0.977
06085506502,Census Tract 5065.02; Santa Clara County; California,0.1977,0.1143,0.1658,0.316,0.4773
06085506503,Census Tract 5065.03; Santa Clara County; California,0.5865,0.4077,0.7433,0.328,0.775
06085506504,Census Tract 5065.04; Santa Clara County; California,0.7289,0.5263,0.8904,0.7844,0.7141
06085506505,Census Tract 5065.05; Santa Clara County; California,0.6386,0.5834,0.3889,0.5699,0.8082
06085506601,Census Tract 5066.01; Santa Clara County; California,0.2872,0.2133,0.3241,0.5039,0.3778
06085506603,Census Tract 5066.03; Santa Clara County; California,0.118,0.1025,0.2621,0.3876,0.1497
06085506604,Census Tract 5066.04; Santa Clara County; California,0.1572,0.0254,0.2492,0.4691,0.4069
06085506605,Census Tract 5066.05; Santa Clara County; California,0.3655,0.2576,0.2856,0.4917,0.5852
06085506606,Census Tract 5066.06; Santa Clara County; California,0.3091,0.2871,0.2891,0.5048,0.3598
06085506701,Census Tract 5067.01; Santa Clara County; California,0.0626,0.016,0.3502,0.4095,0.0872
06085506702,Census Tract 5067.02; Santa Clara County; California,0.3878,0.4145,0.4671,0.4143,0.324
06085506703,Census Tract 5067.03; Santa Clara County; California,0.3825,0.2066,0.2972,0.3657,0.7645
06085506801,Census Tract 5068.01; Santa Clara County; California,0.2531,0.0748,0.2207,0.0938,0.7664
06085506802,Census Tract 5068.02; Santa Clara County; California,0.2563,0.0861,0.2047,0.3855,0.6545
06085506803,Census Tract 5068.03; Santa Clara County; California,0.2165,0.168,0.3426,0.3606,0.2814
06085506804,Census Tract 5068.04; Santa Clara County; California,0.0117,0.092,0.0926,0.2115,0.0164
06085506900,Census Tract 5069; Santa Clara County; California,0.167,0.0284,0.2295,0.1608,0.5734
06085507002,Census Tract 5070.02; Santa Clara County; California,0.0405,0.1076,0.1479,0.0551,0.0767
06085507003,Census Tract 5070.03; Santa Clara County; California,0.0595,0.0132,0.1354,0.1028,0.2913
06085507004,Census Tract 5070.04; Santa Clara County; California,0.0313,0.1052,0.098,0.0583,0.0802
06085507100,Census Tract 5071; Santa Clara County; California,0.1475,0.1291,0.1402,0.0567,0.4084
06085507203,Census Tract 5072.03; Santa Clara County; California,0.2938,0.0541,0.4336,0.2738,0.7067
06085507205,Census Tract 5072.05; Santa Clara County; California,0.0456,0.0907,0.2042,0.2054,0.0551
06085507206,Census Tract 5072.06; Santa Clara County; California,0.0038,0.0206,0.1346,0.1385,0.0081
06085507301,Census Tract 5073.01; Santa Clara County; California,0.229,0.0353,0.3284,0.4103,0.5682
06085507302,Census Tract 5073.02; Santa Clara County; California,0.0399,0.0363,0.1471,0.2688,0.1086
06085507401,Census Tract 5074.01; Santa Clara County; California,0.1051,0.0282,0.5725,0.5645,0.064
06085507402,Census Tract 5074.02; Santa Clara County; California,0.0822,0.0438,0.1325,0.4143,0.2069
06085507500,Census Tract 5075; Santa Clara County; California,0.0462,0.028,0.2844,0.5472,0.0394
06085507600,Census Tract 5076; Santa Clara County; California,0.0805,0.0218,0.1415,0.4643,0.2315
06085507701,Census Tract 5077.01; Santa Clara County; California,0.0852,0.0204,0.2043,0.6647,0.1472
06085507702,Census Tract 5077.02; Santa Clara County; California,0.0468,0.0096,0.2841,0.7261,0.0405
06085507704,Census Tract 5077.04; Santa Clara County; California,0.4712,0.104,0.6498,0.5116,0.8522
06085507705,Census Tract 5077.05; Santa Clara County; California,0.2632,0.1707,0.4425,0.5393,0.2771
06085507805,Census Tract 5078.05; Santa Clara County; California,0.2367,0.1368,0.163,0.6044,0.4476
06085507806,Census Tract 5078.06; Santa Clara County; California,0.2304,0.1537,0.1925,0.7737,0.293
06085507807,Census Tract 5078.07; Santa Clara County; California,0.0684,0.0117,0.2054,0.72,0.1143
06085507808,Census Tract 5078.08; Santa Clara County; California,0.132,0.0288,0.1146,0.6907,0.349
06085507903,Census Tract 5079.03; Santa Clara County; California,0.0369,0.0121,0.3585,0.7244,0.0146
06085507904,Census Tract 5079.04; Santa Clara County; California,0.03,0.0133,0.2061,0.6634,0.0298
06085507905,Census Tract 5079.05; Santa Clara County; California,0.2694,0.1899,0.1811,0.6704,0.4182
06085507906,Census Tract 5079.06; Santa Clara County; California,0.0305,0.0525,0.0909,0.7399,0.028
06085508003,Census Tract 5080.03; Santa Clara County; California,0.2759,0.0606,0.4547,0.5681,0.492
06085508004,Census Tract 5080.04; Santa Clara County; California,0.0869,0.0136,0.1068,0.6391,0.258
06085508005,Census Tract 5080.05; Santa Clara County; California,0.293,0.1192,0.2206,0.6191,0.5937
06085508006,Census Tract 5080.06; Santa Clara County; California,0.133,0.0291,0.2846,0.6582,0.2093
06085508101,Census Tract 5081.01; Santa Clara County; California,0.0908,0.0021,0.0572,0.587,0.4916
06085508102,Census Tract 5081.02; Santa Clara County; California,0.0841,0.0039,0.0665,0.5724,0.4225
06085508203,Census Tract 5082.03; Santa Clara County; California,0.1301,0.0162,0.2846,0.4614,0.3044
06085508204,Census Tract 5082.04; Santa Clara County; California,0.2587,0.1033,0.3246,0.5355,0.4615
06085508205,Census Tract 5082.05; Santa Clara County; California,0.282,0.0924,0.3089,0.6634,0.5195
06085508206,Census Tract 5082.06; Santa Clara County; California,0.0534,0.002,0.2016,0.4643,0.1648
06085508301,Census Tract 5083.01; Santa Clara County; California,0.1279,0.0379,0.1605,0.3984,0.3646
06085508303,Census Tract 5083.03; Santa Clara County; California,0.1441,0.0899,0.5606,0.4655,0.0825
06085508305,Census Tract 5083.05; Santa Clara County; California,0.4257,0.2385,0.5633,0.7717,0.4722
06085508306,Census Tract 5083.06; Santa Clara County; California,0.2341,0.1162,0.3731,0.5976,0.3024
06085508401,Census Tract 5084.01; Santa Clara County; California,0.2847,0.1377,0.0893,0.5262,0.7474
06085508403,Census Tract 5084.03; Santa Clara County; California,0.1294,0.0504,0.3664,0.3251,0.2099
06085508404,Census Tract 5084.04; Santa Clara County; California,0.2325,0.1155,0.3276,0.4741,0.3773
06085508503,Census Tract 5085.03; Santa Clara County; California,0.2662,0.021,0.0989,0.6788,0.8432
06085508505,Census Tract 5085.05; Santa Clara County; California,0.2833,0.1829,0.1018,0.5155,0.6488
06085508507,Census Tract 5085.07; Santa Clara County; California,0.0928,0.0634,0.0368,0.6855,0.31
06085508508,Census Tract 5085.08; Santa Clara County; California,0.46,0.2934,0.2932,0.5969,0.7675
06085508509,Census Tract 5085.09; Santa Clara County; California,0.2242,0.0744,0.0551,0.6507,0.7144
06085508510,Census Tract 5085.10; Santa Clara County; California,0.5092,0.4702,0.1456,0.7874,0.7202
06085508601,Census Tract 5086.01; Santa Clara County; California,0.1314,0.1428,0.298,0.5779,0.0846
06085508602,Census Tract 5086.02; Santa Clara County; California,0.1242,0.0707,0.0462,0.4143,0.4954
06085508705,Census Tract 5087.05; Santa Clara County; California,0.0763,0.0292,0.0347,0.5797,0.3871
06085508706,Census Tract 5087.06; Santa Clara County; California,0.0607,0.0155,0.0378,0.6253,0.3075
06085508707,Census Tract 5087.07; Santa Clara County; California,0.3972,0.1606,0.0524,0.6326,0.9659
06085508708,Census Tract 5087.08; Santa Clara County; California,0.1559,0.1524,0.0116,0.6691,0.5957
06085508800,Census Tract 5088; Santa Clara County; California,0.305,0.3,0.0743,0.6231,0.5484
06085508900,Census Tract 5089; Santa Clara County; California,0.3956,0.5684,0.1119,0.7084,0.3026
06085509001,Census Tract 5090.01; Santa Clara County; California,0.5886,0.4072,0.6987,0.7717,0.6351
06085509002,Census Tract 5090.02; Santa Clara County; California,0.5259,0.4,0.3278,0.7346,0.7365
06085509102,Census Tract 5091.02; Santa Clara County; California,0.1639,0.0664,0.0343,0.5567,0.6657
06085509106,Census Tract 5091.06; Santa Clara County; California,0.3179,0.2763,0.0845,0.5148,0.6369
06085509107,Census Tract 5091.07; Santa Clara County; California,0.1836,0.1477,0.0189,0.7026,0.6171
06085509108,Census Tract 5091.08; Santa Clara County; California,0.0846,0.1069,0.0315,0.5592,0.2784
06085509109,Census Tract 5091.09; Santa Clara County; California,0.1866,0.1408,0.0659,0.5236,0.4794
06085509110,Census Tract 5091.10; Santa Clara County; California,0.0917,0.0584,0.0325,0.2964,0.497
06085509111,Census Tract 5091.11; Santa Clara County; California,0.6566,0.3093,0.6685,0.5274,0.967
06085509201,Census Tract 5092.01; Santa Clara County; California,0.231,0.0644,0.0565,0.4095,0.826
06085509202,Census Tract 5092.02; Santa Clara County; California,0.1768,0.0727,0.1362,0.364,0.5121
06085509302,Census Tract 5093.02; Santa Clara County; California,0.1829,0.1559,0.1925,0.3792,0.3058
06085509303,Census Tract 5093.03; Santa Clara County; California,0.3377,0.0903,0.3928,0.4798,0.7139
06085509304,Census Tract 5093.04; Santa Clara County; California,0.192,0.2596,0.0896,0.512,0.2671
06085509401,Census Tract 5094.01; Santa Clara County; California,0.2215,0.2077,0.0365,0.4773,0.6221
06085509403,Census Tract 5094.03; Santa Clara County; California,0.3917,0.3896,0.1631,0.5355,0.5676
06085509404,Census Tract 5094.04; Santa Clara County; California,0.3941,0.2235,0.3327,0.5014,0.6916
06085509500,Census Tract 5095; Santa Clara County; California,0.325,0.3164,0.0407,0.4882,0.7488
06085509600,Census Tract 5096; Santa Clara County; California,0.1732,0.1319,0.0613,0.4365,0.5026
06085509700,Census Tract 5097; Santa Clara County; California,0.0271,0.0419,0.0459,0.2809,0.1591
06085509801,Census Tract 5098.01; Santa Clara County; California,0.1558,0.1176,0.1065,0.4025,0.3751
06085509802,Census Tract 5098.02; Santa Clara County; California,0.199,0.0461,0.4099,0.3571,0.4042
06085509901,Census Tract 5099.01; Santa Clara County; California,0.0372,0.0219,0.1147,0.1455,0.1777
06085509902,Census Tract 5099.02; Santa Clara County; California,0.3978,0.0543,0.4355,0.3783,0.9104
06085510001,Census Tract 5100.01; Santa Clara County; California,0.0233,0.0125,0.1644,0.2479,0.0791
06085510002,Census Tract 5100.02; Santa Clara County; California,0.0137,0.0024,0.1473,0.3669,0.0587
06085510100,Census Tract 5101; Santa Clara County; California,0.0287,0.0732,0.2719,0.3307,0.0112
06085510200,Census Tract 5102; Santa Clara County; California,0.0249,0.0134,0.3507,0.2136,0.0354
06085510300,Census Tract 5103; Santa Clara County; California,0.0485,0.0431,0.1883,0.2669,0.0977
06085510400,Census Tract 5104; Santa Clara County; California,0.0498,0.0171,0.0801,0.3519,0.221
06085510500,Census Tract 5105; Santa Clara County; California,0.2041,0.0242,0.4064,0.3136,0.5081
06085510600,Census Tract 5106; Santa Clara County; California,0.3871,0.2091,0.5257,0.4089,0.5899
06085510700,Census Tract 5107; Santa Clara County; California,0.0773,0.0256,0.0342,0.4261,0.4676
06085510801,Census Tract 5108.01; Santa Clara County; California,0.1867,0.0465,0.4171,0.478,0.311
06085510802,Census Tract 5108.02; Santa Clara County; California,0.2043,0.1195,0.4928,0.308,0.2391
06085510803,Census Tract 5108.03; Santa Clara County; California,0.2743,0.1168,0.5234,0.4058,0.3973
06085510900,Census Tract 5109; Santa Clara County; California,0.1354,0.0447,0.3841,0.327,0.2266
06085511000,Census Tract 5110; Santa Clara County; California,0.1409,0.0954,0.1734,0.4686,0.2485
06085511100,Census Tract 5111; Santa Clara County; California,0.0618,0.0579,0.1729,0.4126,0.0962
06085511200,Census Tract 5112; Santa Clara County; California,0.0366,0.001,0.3357,0.2121,0.1145
06085511301,Census Tract 5113.01; Santa Clara County; California,0.1813,0.1139,0.0834,0.2453,0.5818
06085511302,Census Tract 5113.02; Santa Clara County; California,0.5451,0.2736,0.6931,0.2408,0.8798
06085511400,Census Tract 5114; Santa Clara County; California,0.067,0.0043,0.5866,0.2898,0.0796
06085511501,Census Tract 5115.01; Santa Clara County; California,0.1982,0.0418,0.1639,0.2817,0.6607
06085511502,Census Tract 5115.02; Santa Clara County; California,0.0177,0.0004,0.0469,0.1507,0.2857
06085511608,Census Tract 5116.08; Santa Clara County; California,0.3648,0.5982,0.001,0.5092,0.8539
06085511609,Census Tract 5116.09; Santa Clara County; California,0.3556,0.0281,0.4884,0.2621,0.8878
06085511701,Census Tract 5117.01; Santa Clara County; California,0.0208,0.0236,0.2092,0.2843,0.0334
06085511702,Census Tract 5117.02; Santa Clara County; California,0.0196,0.0154,0.4205,0.2521,0.0094
06085511704,Census Tract 5117.04; Santa Clara County; California,0.0576,0.0029,0.4164,0.3385,0.1095
06085511705,Census Tract 5117.05; Santa Clara County; California,0.166,0.0128,0.4309,0.1466,0.4789
06085511707,Census Tract 5117.07; Santa Clara County; California,0.1713,0.0313,0.1745,0.3237,0.568
06085511800,Census Tract 5118; Santa Clara County; California,0.032,0.0923,0.0508,0.0312,0.1643
06085511905,Census Tract 5119.05; Santa Clara County; California,0.0294,0.009,0.4095,0.3335,0.0274
06085511907,Census Tract 5119.07; Santa Clara County; California,0.0341,0.0067,0.292,0.5274,0.0439
06085511910,Census Tract 5119.10; Santa Clara County; California,0.0048,0.0058,0.0947,0.1931,0.0331
06085511911,Census Tract 5119.11; Santa Clara County; California,0.1509,0.024,0.2907,0.2508,0.4378
06085511912,Census Tract 5119.12; Santa Clara County; California,0.0475,0.0822,0.1977,0.4993,0.0295
06085511913,Census Tract 5119.13; Santa Clara County; California,0.0185,0.0008,0.3732,0.2262,0.0374
06085511914,Census Tract 5119.14; Santa Clara County; California,0.0727,0.011,0.3567,0.3043,0.153
06085511915,Census Tract 5119.15; Santa Clara County; California,0.6955,0.56,0.8714,0.5853,0.6528
06085511916,Census Tract 5119.16; Santa Clara County; California,0.3768,0.2657,0.5627,0.3951,0.4386
06085511917,Census Tract 5119.17; Santa Clara County; California,0.002,0.0177,0.0624,0.4579,0.0037
06085511918,Census Tract 5119.18; Santa Clara County; California,0.053,0.1436,0.1948,0.3606,0.0246
06085512001,Census Tract 5120.01; Santa Clara County; California,0.1472,0.1362,0.1259,0.668,0.195
06085512005,Census Tract 5120.05; Santa Clara County; California,0.1969,0.0875,0.7216,0.3763,0.1345
06085512019,Census Tract 5120.19; Santa Clara County; California,0.3394,0.1657,0.7318,0.4798,0.3254
06085512021,Census Tract 5120.21; Santa Clara County; California,0.2989,0.1014,0.2462,0.4741,0.6902
06085512022,Census Tract 5120.22; Santa Clara County; California,0.7846,0.4513,0.9352,0.6721,0.9224
06085512023,Census Tract 5120.23; Santa Clara County; California,0.4157,0.3195,0.6193,0.6788,0.3158
06085512024,Census Tract 5120.24; Santa Clara County; California,0.4482,0.3209,0.5107,0.3814,0.6176
06085512025,Census Tract 5120.25; Santa Clara County; California,0.3229,0.1135,0.2055,0.4515,0.7739
06085512026,Census Tract 5120.26; Santa Clara County; California,0.0888,0.2071,0.0723,0.6415,0.0697
06085512027,Census Tract 5120.27; Santa Clara County; California,0.6241,0.3211,0.8406,0.4562,0.8497
06085512029,Census Tract 5120.29; Santa Clara County; California,0.2506,0.2477,0.2298,0.4246,0.3262
06085512030,Census Tract 5120.30; Santa Clara County; California,0.1029,0.1539,0.4054,0.3814,0.0399
06085512031,Census Tract 5120.31; Santa Clara County; California,0.0209,0.0309,0.0899,0.397,0.0594
06085512032,Census Tract 5120.32; Santa Clara County; California,0.1282,0.1015,0.3692,0.5249,0.0993
06085512034,Census Tract 5120.34; Santa Clara County; California,0.0952,0.1098,0.1307,0.4476,0.1466
06085512035,Census Tract 5120.35; Santa Clara County; California,0.2794,0.171,0.5923,0.612,0.2067
06085512036,Census Tract 5120.36; Santa Clara County; California,0.2061,0.0645,0.0374,0.5071,0.7974
06085512037,Census Tract 5120.37; Santa Clara County; California,0.136,0.0997,0.3145,0.4614,0.1479
06085512038,Census Tract 5120.38; Santa Clara County; California,0.6742,0.7018,0.4932,0.6102,0.6574
06085512039,Census Tract 5120.39; Santa Clara County; California,0.5898,0.347,0.5592,0.8484,0.7932
06085512042,Census Tract 5120.42; Santa Clara County; California,0.6748,0.4799,0.8219,0.8731,0.6431
06085512043,Census Tract 5120.43; Santa Clara County; California,0.822,0.665,0.8553,0.8176,0.8234
06085512045,Census Tract 5120.45; Santa Clara County; California,0.1757,0.0999,0.394,0.4183,0.2201
06085512047,Census Tract 5120.47; Santa Clara County; California,0.1163,0.1841,0.0821,0.3698,0.1994
06085512052,Census Tract 5120.52; Santa Clara County; California,0.4329,0.1802,0.3564,0.4455,0.8491
06085512053,Census Tract 5120.53; Santa Clara County; California,0.3274,0.3017,0.4474,0.5249,0.2749
06085512054,Census Tract 5120.54; Santa Clara County; California,0.4513,0.3885,0.3073,0.6881,0.5519
06085512055,Census Tract 5120.55; Santa Clara County; California,0.4345,0.2309,0.4274,0.7369,0.629
06085512056,Census Tract 5120.56; Santa Clara County; California,0.5796,0.503,0.6842,0.5969,0.54
06085512057,Census Tract 5120.57; Santa Clara County; California,0.5601,0.4894,0.2111,0.5907,0.8419
06085512058,Census Tract 5120.58; Santa Clara County; California,0.371,0.2729,0.355,0.6405,0.464
06085512059,Census Tract 5120.59; Santa Clara County; California,0.2867,0.0756,0.4328,0.4691,0.5559
06085512100,Census Tract 5121; Santa Clara County; California,0.7092,0.5853,0.8538,0.5681,0.6915
06085512200,Census Tract 5122; Santa Clara County; California,0.0293,0.0084,0.0753,0.3431,0.1696
06085512305,Census Tract 5123.05; Santa Clara County; California,0.0742,0.0353,0.5507,0.4103,0.0386
06085512307,Census Tract 5123.07; Santa Clara County; California,0.4493,0.1967,0.5866,0.3814,0.7562
06085512308,Census Tract 5123.08; Santa Clara County; California,0.1889,0.0187,0.5161,0.2762,0.4185
06085512309,Census Tract 5123.09; Santa Clara County; California,0.1525,0.221,0.14,0.2652,0.2159
06085512310,Census Tract 5123.10; Santa Clara County; California,0.7202,0.4795,0.8544,0.5787,0.8543
06085512311,Census Tract 5123.11; Santa Clara County; California,0.428,0.2095,0.3979,0.4773,0.7686
06085512312,Census Tract 5123.12; Santa Clara County; California,0.0139,0.0404,0.1431,0.39,0.0163
06085512313,Census Tract 5123.13; Santa Clara County; California,0.5216,0.2843,0.756,0.6057,0.6248
06085512314,Census Tract 5123.14; Santa Clara County; California,0.5439,0.3477,0.3786,0.4595,0.8972
06085512401,Census Tract 5124.01; Santa Clara County; California,0.3966,0.4103,0.5112,0.3385,0.3477
06085512402,Census Tract 5124.02; Santa Clara County; California,0.5792,0.5238,0.5451,0.3964,0.6968
06085512505,Census Tract 5125.05; Santa Clara County; California,0.4292,0.4106,0.685,0.7213,0.191
06085512509,Census Tract 5125.09; Santa Clara County; California,0.3899,0.2253,0.4425,0.6855,0.5139
06085512510,Census Tract 5125.10; Santa Clara County; California,0.5269,0.4114,0.7725,0.4595,0.5011
06085512511,Census Tract 5125.11; Santa Clara County; California,0.4757,0.3924,0.7712,0.5368,0.3375
06085512512,Census Tract 5125.12; Santa Clara County; California,0.6249,0.734,0.8638,0.5931,0.1877
06085512513,Census Tract 5125.13; Santa Clara County; California,0.6675,0.4462,0.9645,0.7864,0.5035
06085512514,Census Tract 5125.14; Santa Clara County; California,0.6647,0.4352,0.6162,0.7874,0.8494
06085512515,Census Tract 5125.15; Santa Clara County; California,0.1071,0.195,0.1624,0.3698,0.0997
06085512516,Census Tract 5125.16; Santa Clara County; California,0.1111,0.1337,0.3505,0.5298,0.0559
06085512602,Census Tract 5126.02; Santa Clara County; California,0.5482,0.4135,0.556,0.4539,0.7373
06085512603,Census Tract 5126.03; Santa Clara County; California,0.666,0.5972,0.5857,0.7995,0.6465
06085512604,Census Tract 5126.04; Santa Clara County; California,0.8598,0.693,0.8807,0.7995,0.873
06085513000,Census Tract 5130; Santa Clara County; California,0.4433,0.5366,0.0101,0.4183,0.9457
06085513500,Census Tract 5135; Santa Clara County; California,0.2831,0.1232,0.5861,0.3215,0.4019
