GEOID,TRACT,income
06085500100,5001,163061
06085500200,5002,115541
06085500300,5003,107431
06085500400,5004,152973
06085500500,5005,166514
06085500600,5006,140045
06085500800,5008,151357
06085500901,5009.01,72112
06085500902,5009.02,42955
06085501000,5010,58775
06085501101,5011.01,105138
06085501102,5011.02,144609
06085501200,5012,108913
06085501300,5013,145260
06085501401,5014.01,80216
06085501402,5014.02,94491
06085501501,5015.01,81859
06085501502,5015.02,111089
06085501601,5016.01,120770
06085501602,5016.02,58466
06085501700,5017,94736
06085501800,5018,142235
06085501901,5019.01,147727
06085501902,5019.02,151140
06085502001,5020.01,94794
06085502002,5020.02,117969
06085502101,5021.01,144038
06085502103,5021.03,91591
06085502104,5021.04,102105
06085502202,5022.02,113958
06085502203,5022.03,125750
06085502204,5022.04,68508
06085502301,5023.01,177692
06085502302,5023.02,127175
06085502400,5024,222311
06085502500,5025,225694
06085502601,5026.01,193125
06085502603,5026.03,206125
06085502604,5026.04,110581
06085502701,5027.01,133658
06085502703,5027.03,145541
06085502704,5027.04,183214
06085502800,5028,185962
06085502901,5029.01,135846
06085502902,5029.02,207614
06085502903,5029.03,250000
06085502906,5029.06,126438
06085502907,5029.07,213056
06085502908,5029.08,166382
06085502909,5029.09,101607
06085502910,5029.10,110091
06085503001,5030.01,148750
06085503002,5030.02,139863
06085503003,5030.03,207000
06085503105,5031.05,61838
06085503110,5031.10,77353
06085503111,5031.11,133628
06085503112,5031.12,76156
06085503113,5031.13,95625
06085503116,5031.16,109509
06085503117,5031.17,79205
06085503118,5031.18,98527
06085503121,5031.21,92607
06085503122,5031.22,46371
06085503123,5031.23,65525
06085503124,5031.24,124229
06085503125,5031.25,160833
06085503126,5031.26,178929
06085503127,5031.27,191908
06085503207,5032.07,145278
06085503208,5032.08,163558
06085503210,5032.10,120729
06085503211,5032.11,104677
06085503212,5032.12,128750
06085503213,5032.13,72174
06085503217,5032.17,81786
06085503218,5032.18,53036
06085503219,5032.19,60451
06085503220,5032.20,96705
06085503221,5032.21,49323
06085503222,5032.22,122526
06085503304,5033.04,101039
06085503305,5033.05,103000
06085503306,5033.06,119091
06085503312,5033.12,176607
06085503313,5033.13,250000
06085503315,5033.15,152083
06085503321,5033.21,152238
06085503322,5033.22,151250
06085503323,5033.23,169484
06085503324,5033.24,170399
06085503325,5033.25,145991
06085503326,5033.26,235673
06085503327,5033.27,172381
06085503329,5033.29,217369
06085503330,5033.30,250000
06085503331,5033.31,126324
06085503332,5033.32,132969
06085503333,5033.33,213003
06085503336,5033.36,190000
06085503337,5033.37,159904
06085503338,5033.38,250000
06085503339,5033.39,250000
06085503401,5034.01,111576
06085503402,5034.02,79306
06085503504,5035.04,139180
06085503506,5035.06,101146
06085503507,5035.07,168716
06085503508,5035.08,125469
06085503509,5035.09,151786
06085503510,5035.10,135926
06085503511,5035.11,125972
06085503601,5036.01,98021
06085503602,5036.02,98611
06085503703,5037.03,105455
06085503707,5037.07,109000
06085503708,5037.08,103446
06085503709,5037.09,78089
06085503710,5037.10,43125
06085503711,5037.11,109167
06085503712,5037.12,50612
06085503713,5037.13,68636
06085503802,5038.02,114023
06085503803,5038.03,190855
06085503804,5038.04,141289
06085503902,5039.02,121083
06085503903,5039.03,131806
06085504001,5040.01,87364
06085504002,5040.02,92091
06085504101,5041.01,144167
06085504102,5041.02,156450
06085504201,5042.01,197750
06085504202,5042.02,229028
06085504307,5043.07,154801
06085504308,5043.08,212941
06085504311,5043.11,173106
06085504314,5043.14,210357
06085504315,5043.15,182784
06085504316,5043.16,192188
06085504317,5043.17,180859
06085504318,5043.18,106535
06085504319,5043.19,227279
06085504320,5043.20,183571
06085504321,5043.21,189867
06085504322,5043.22,167583
06085504323,5043.23,161552
06085504410,5044.10,153523
06085504411,5044.11,166354
06085504412,5044.12,149659
06085504413,5044.13,155982
06085504414,5044.14,165761
06085504415,5044.15,213654
06085504416,5044.16,190981
06085504418,5044.18,116310
06085504421,5044.21,172500
06085504422,5044.22,141111
06085504423,5044.23,181250
06085504424,5044.24,153333
06085504505,5045.05,229572
06085504506,5045.06,164879
06085504507,5045.07,163724
06085504508,5045.08,186083
06085504509,5045.09,181165
06085504510,5045.10,159186
06085504601,5046.01,74250
06085504602,5046.02,121953
06085504700,5047,194917
06085504802,5048.02,116525
06085504805,5048.05,149207
06085504806,5048.06,158750
06085504807,5048.07,230829
06085504808,5048.08,117054
06085504902,5049.02,196797
06085504903,5049.03,226711
06085505006,5050.06,240086
06085505007,5050.07,164115
06085505010,5050.10,202663
06085505011,5050.11,156446
06085505012,5050.12,218750
06085505013,5050.13,215775
06085505014,5050.14,159833
06085505015,5050.15,167422
06085505100,5051,115395
06085505202,5052.02,164928
06085505203,5052.03,139028
06085505301,5053.01,200781
06085505302,5053.02,213365
06085505303,5053.03,124491
06085505304,5053.04,226731
06085505305,5053.05,205550
06085505401,5054.01,162000
06085505402,5054.02,167457
06085505403,5054.03,182500
06085505500,5055,171855
06085505600,5056,140263
06085505700,5057,125740
06085505800,5058,169722
06085505901,5059.01,182763
06085505902,5059.02,107079
06085506000,5060,197202
06085506101,5061.01,190750
06085506102,5061.02,189439
06085506103,5061.03,231563
06085506202,5062.02,189032
06085506203,5062.03,142791
06085506204,5062.04,200288
06085506301,5063.01,138411
06085506302,5063.02,182908
06085506304,5063.04,113893
06085506305,5063.05,96150
06085506401,5064.01,172134
06085506402,5064.02,121413
06085506502,5065.02,143500
06085506503,5065.03,111225
06085506504,5065.04,104787
06085506505,5065.05,115833
06085506601,5066.01,133194
06085506603,5066.03,250000
06085506604,5066.04,191843
06085506605,5066.05,139265
06085506606,5066.06,133700
06085506701,5067.01,228173
06085506702,5067.02,122050
06085506703,5067.03,154149
06085506801,5068.01,250000
06085506802,5068.02,202796
06085506803,5068.03,194219
06085506804,5068.04,221071
06085506900,5069,222166
06085507002,5070.02,250000
06085507003,5070.03,250000
06085507004,5070.04,175347
06085507100,5071,159821
06085507203,5072.03,224464
06085507205,5072.05,244521
06085507206,5072.06,250000
06085507301,5073.01,244207
06085507302,5073.02,250000
06085507401,5074.01,244046
06085507402,5074.02,243720
06085507500,5075,214375
06085507600,5076,250000
06085507701,5077.01,234886
06085507702,5077.02,250000
06085507704,5077.04,157014
06085507705,5077.05,250000
06085507805,5078.05,201939
06085507806,5078.06,200887
06085507807,5078.07,250000
06085507808,5078.08,250000
06085507903,5079.03,223571
06085507904,5079.04,250000
06085507905,5079.05,141429
06085507906,5079.06,250000
06085508003,5080.03,198500
06085508004,5080.04,250000
06085508005,5080.05,206389
06085508006,5080.06,240833
06085508101,5081.01,250000
06085508102,5081.02,216094
06085508203,5082.03,250000
06085508204,5082.04,250000
06085508205,5082.05,213981
06085508206,5082.06,250000
06085508301,5083.01,250000
06085508303,5083.03,219081
06085508305,5083.05,121145
06085508306,5083.06,250000
06085508401,5084.01,198816
06085508403,5084.03,250000
06085508404,5084.04,213393
06085508503,5085.03,167763
06085508505,5085.05,205625
06085508507,5085.07,174267
06085508508,5085.08,133065
06085508509,5085.09,161270
06085508510,5085.10,174167
06085508601,5086.01,195804
06085508602,5086.02,180959
06085508705,5087.05,189571
06085508706,5087.06,216210
06085508707,5087.07,173165
06085508708,5087.08,250000
06085508800,5088,143333
06085508900,5089,156726
06085509001,5090.01,162981
06085509002,5090.02,175625
06085509102,5091.02,229505
06085509106,5091.06,159951
06085509107,5091.07,143611
06085509108,5091.08,219063
06085509109,5091.09,250000
06085509110,5091.10,192045
06085509111,5091.11,135398
06085509201,5092.01,182611
06085509202,5092.02,228462
06085509302,5093.02,169896
06085509303,5093.03,175288
06085509304,5093.04,207381
06085509401,5094.01,149258
06085509403,5094.03,177847
06085509404,5094.04,203864
06085509500,5095,178892
06085509600,5096,188676
06085509700,5097,209607
06085509801,5098.01,167957
06085509802,5098.02,220694
06085509901,5099.01,250000
06085509902,5099.02,222955
06085510001,5100.01,250000
06085510002,5100.02,250000
06085510100,5101,250000
06085510200,5102,250000
06085510300,5103,250000
06085510400,5104,250000
06085510500,5105,250000
06085510600,5106,198068
06085510700,5107,182266
06085510801,5108.01,250000
06085510802,5108.02,250000
06085510803,5108.03,250000
06085510900,5109,183536
06085511000,5110,250000
06085511100,5111,250000
06085511200,5112,250000
06085511301,5113.01,238750
06085511302,5113.02,139167
06085511400,5114,250000
06085511501,5115.01,173470
06085511502,5115.02,250000
06085511608,5116.08,42824
06085511609,5116.09,148365
06085511701,5117.01,250000
06085511702,5117.02,250000
06085511704,5117.04,250000
06085511705,5117.05,250000
06085511707,5117.07,203068
06085511800,5118,196786
06085511905,5119.05,250000
06085511907,5119.07,250000
06085511910,5119.10,250000
06085511911,5119.11,167639
06085511912,5119.12,232214
06085511913,5119.13,250000
06085511914,5119.14,250000
06085511915,5119.15,81458
06085511916,5119.16,191735
06085511917,5119.17,250000
06085511918,5119.18,250000
06085512001,5120.01,205750
06085512005,5120.05,198012
06085512019,5120.19,122813
06085512021,5120.21,148548
06085512022,5120.22,94495
06085512023,5120.23,106684
06085512024,5120.24,136168
06085512025,5120.25,220962
06085512026,5120.26,160156
06085512027,5120.27,106406
06085512029,5120.29,180725
06085512030,5120.30,181326
06085512031,5120.31,196727
06085512032,5120.32,173750
06085512034,5120.34,157569
06085512035,5120.35,198632
06085512036,5120.36,138841
06085512037,5120.37,184333
06085512038,5120.38,101308
06085512039,5120.39,134158
06085512042,5120.42,111875
06085512043,5120.43,81984
06085512045,5120.45,181528
06085512047,5120.47,180909
06085512052,5120.52,132699
06085512053,5120.53,117292
06085512054,5120.54,105292
06085512055,5120.55,124398
06085512056,5120.56,123674
06085512057,5120.57,176016
06085512058,5120.58,138750
06085512059,5120.59,176250
06085512100,5121,121563
06085512200,5122,250000
06085512305,5123.05,247321
06085512307,5123.07,148064
06085512308,5123.08,248750
06085512309,5123.09,210212
06085512310,5123.10,100506
06085512311,5123.11,139074
06085512312,5123.12,206208
06085512313,5123.13,107198
06085512314,5123.14,152349
06085512401,5124.01,197540
06085512402,5124.02,148833
06085512505,5125.05,99742
06085512509,5125.09,184500
06085512510,5125.10,117083
06085512511,5125.11,124625
06085512512,5125.12,101793
06085512513,5125.13,84934
06085512514,5125.14,111250
06085512515,5125.15,176250
06085512516,5125.16,159137
06085512602,5126.02,140556
06085512603,5126.03,90139
06085512604,5126.04,83946
06085513000,5130,53696
06085513500,5135,102750
